mysql> select subject,avg(score) from student_score group by subject;
+-----------------------------+------------+
| subject                     | avg(score) |
+-----------------------------+------------+
| 母猪的产后护理              |    73.0000 |
| 论萨达姆的战争准备          |    73.2500 |
+-----------------------------+------------+
2 rows in set (0.00 sec)

mysql> select subject,avg(score) from student_score where score>=60 group by subject;
+-----------------------------+------------+
| subject                     | avg(score) |
+-----------------------------+------------+
| 母猪的产后护理              |    89.0000 |
| 论萨达姆的战争准备          |    82.3333 |
+-----------------------------+------------+
2 rows in set (0.01 sec)

mysql> select subject,avg(score) from student_score group by subject having avg(score)>73;
+-----------------------------+------------+
| subject                     | avg(score) |
+-----------------------------+------------+
| 论萨达姆的战争准备          |    73.2500 |
+-----------------------------+------------+
1 row in set (0.00 sec)

mysql> select subject,avg(score) from student_score group by subject having subject='母猪的产后护理';
+-----------------------+------------+
| subject               | avg(score) |
+-----------------------+------------+
| 母猪的产后护理        |    73.0000 |
+-----------------------+------------+
1 row in set (0.00 sec)

mysql> select subject,avg(score) from student_score group by subject having max(score)>98;
+-----------------------+------------+
| subject               | avg(score) |
+-----------------------+------------+
| 母猪的产后护理        |    73.0000 |
+-----------------------+------------+
1 row in set (0.00 sec)

mysql> select subject,avg(score) as avg_score from student_score group by subject order by avg_score desc;
+-----------------------------+-----------+
| subject                     | avg_score |
+-----------------------------+-----------+
| 论萨达姆的战争准备          |   73.2500 |
| 母猪的产后护理              |   73.0000 |
+-----------------------------+-----------+
2 rows in set (0.00 sec)

mysql> select department,major,count(*) from student_info group by department,major;
+-----------------+--------------------------+----------+
| department      | major                    | count(*) |
+-----------------+--------------------------+----------+
| 计算机学院      | 计算机科学与工程         |        2 |
| 计算机学院      | 软件工程                 |        2 |
| 航天学院        | 飞行器设计               |        1 |
| 航天学院        | 电子信息                 |        1 |
+-----------------+--------------------------+----------+
4 rows in set (0.00 sec)

mysql> select * from student_score where number = (SELECT number FROM student_info WHERE name = '杜琦燕');
+----------+-----------------------------+-------+
| number   | subject                     | score |
+----------+-----------------------------+-------+
| 20180102 | 母猪的产后护理              |   100 |
| 20180102 | 论萨达姆的战争准备          |    98 |
+----------+-----------------------------+-------+
2 rows in set (0.01 sec)

mysql> SELECT * FROM student_score WHERE number > (SELECT number FROM student_info WHERE name = '杜琦燕');
+----------+-----------------------------+-------+
| number   | subject                     | score |
+----------+-----------------------------+-------+
| 20180103 | 母猪的产后护理              |    59 |
| 20180103 | 论萨达姆的战争准备          |    61 |
| 20180104 | 母猪的产后护理              |    55 |
| 20180104 | 论萨达姆的战争准备          |    46 |
+----------+-----------------------------+-------+
4 rows in set (0.00 sec)

mysql> SELECT * FROM student_score WHERE number IN (SELECT number FROM student_info WHERE major = '计算机科学与工程');
+----------+-----------------------------+-------+
| number   | subject                     | score |
+----------+-----------------------------+-------+
| 20180101 | 母猪的产后护理              |    78 |
| 20180101 | 论萨达姆的战争准备          |    88 |
| 20180102 | 母猪的产后护理              |   100 |
| 20180102 | 论萨达姆的战争准备          |    98 |
+----------+-----------------------------+-------+
4 rows in set (0.00 sec)

mysql> SELECT * FROM student_score WHERE (number, subject) = (SELECT number, '母猪的产后护理' FROM student_info LIMIT 1);
+----------+-----------------------+-------+
| number   | subject               | score |
+----------+-----------------------+-------+
| 20180104 | 母猪的产后护理        |    55 |
+----------+-----------------------+-------+
1 row in set (0.00 sec)

mysql> SELECT * FROM student_score WHERE (number, subject) IN (SELECT number, '母猪的产后护理' FROM student_info WHERE major = '计算机科学与工程');
+----------+-----------------------+-------+
| number   | subject               | score |
+----------+-----------------------+-------+
| 20180101 | 母猪的产后护理        |    78 |
| 20180102 | 母猪的产后护理        |   100 |
+----------+-----------------------+-------+
2 rows in set (0.00 sec)

mysql> SELECT * FROM student_score WHERE EXISTS (SELECT * FROM student_info WHERE number = 20180108);
Empty set (0.00 sec)

mysql> SELECT * FROM student_score WHERE number = (SELECT number FROM student_info WHERE name = '杜琦燕');
+----------+-----------------------------+-------+
| number   | subject                     | score |
+----------+-----------------------------+-------+
| 20180102 | 母猪的产后护理              |   100 |
| 20180102 | 论萨达姆的战争准备          |    98 |
+----------+-----------------------------+-------+
2 rows in set (0.00 sec)

mysql> SELECT number, name, id_number, major FROM student_info WHERE EXISTS (SELECT * FROM student_score WHERE student_score.number = student_info.number);
+----------+-----------+--------------------+--------------------------+
| number   | name      | id_number          | major                    |
+----------+-----------+--------------------+--------------------------+
| 20180101 | 杜子腾    | 158177199901044792 | 计算机科学与工程         |
| 20180102 | 杜琦燕    | 151008199801178529 | 计算机科学与工程         |
| 20180103 | 范统      | 17156319980116959X | 软件工程                 |
| 20180104 | 史珍香    | 141992199701078600 | 软件工程                 |
+----------+-----------+--------------------+--------------------------+
4 rows in set (0.00 sec)

mysql> SELECT * FROM student_score WHERE subject = '母猪的产后护理' AND score > (SELECT AVG(score) FROM student_score WHERE subject = '母猪的产后护理');
+----------+-----------------------+-------+
| number   | subject               | score |
+----------+-----------------------+-------+
| 20180101 | 母猪的产后护理        |    78 |
| 20180102 | 母猪的产后护理        |   100 |
+----------+-----------------------+-------+
2 rows in set (0.00 sec)

mysql> CREATE TABLE t1 (m1 int, n1 char(1));
Query OK, 0 rows affected (0.03 sec)

mysql> CREATE TABLE t2 (m2 int, n2 char(1));
Query OK, 0 rows affected (0.06 sec)

mysql> INSERT INTO t1 VALUES(1, 'a'), (2, 'b'), (3, 'c');
Query OK, 3 rows affected (0.04 sec)
Records: 3  Duplicates: 0  Warnings: 0

mysql> INSERT INTO t2 VALUES(2, 'b'), (3, 'c'), (4, 'd');
Query OK, 3 rows affected (0.01 sec)
Records: 3  Duplicates: 0  Warnings: 0

mysql> SELECT * FROM t1, t2;
+------+------+------+------+
| m1   | n1   | m2   | n2   |
+------+------+------+------+
|    3 | c    |    2 | b    |
|    2 | b    |    2 | b    |
|    1 | a    |    2 | b    |
|    3 | c    |    3 | c    |
|    2 | b    |    3 | c    |
|    1 | a    |    3 | c    |
|    3 | c    |    4 | d    |
|    2 | b    |    4 | d    |
|    1 | a    |    4 | d    |
+------+------+------+------+
9 rows in set (0.00 sec)

mysql> SELECT * FROM t1, t2 WHERE t1.m1 > 1 AND t1.m1 = t2.m2 AND t2.n2 < 'd';
+------+------+------+------+
| m1   | n1   | m2   | n2   |
+------+------+------+------+
|    2 | b    |    2 | b    |
|    3 | c    |    3 | c    |
+------+------+------+------+
2 rows in set (0.00 sec)

mysql> SELECT student_info.number, name, major, subject, score FROM student_info, student_score WHERE student_info.number = student_score.number;
+----------+-----------+--------------------------+-----------------------------+-------+
| number   | name      | major                    | subject                     | score |
+----------+-----------+--------------------------+-----------------------------+-------+
| 20180101 | 杜子腾    | 计算机科学与工程         | 母猪的产后护理              |    78 |
| 20180101 | 杜子腾    | 计算机科学与工程         | 论萨达姆的战争准备          |    88 |
| 20180102 | 杜琦燕    | 计算机科学与工程         | 母猪的产后护理              |   100 |
| 20180102 | 杜琦燕    | 计算机科学与工程         | 论萨达姆的战争准备          |    98 |
| 20180103 | 范统      | 软件工程                 | 母猪的产后护理              |    59 |
| 20180103 | 范统      | 软件工程                 | 论萨达姆的战争准备          |    61 |
| 20180104 | 史珍香    | 软件工程                 | 母猪的产后护理              |    55 |
| 20180104 | 史珍香    | 软件工程                 | 论萨达姆的战争准备          |    46 |
+----------+-----------+--------------------------+-----------------------------+-------+
8 rows in set (0.00 sec)

mysql> SELECT student_info.number, name, major, subject, score FROM student_info LEFT JOIN student_score ON student_info.number = student_score.number;
+----------+-----------+--------------------------+-----------------------------+-------+
| number   | name      | major                    | subject                     | score |
+----------+-----------+--------------------------+-----------------------------+-------+
| 20180101 | 杜子腾    | 计算机科学与工程         | 母猪的产后护理              |    78 |
| 20180101 | 杜子腾    | 计算机科学与工程         | 论萨达姆的战争准备          |    88 |
| 20180102 | 杜琦燕    | 计算机科学与工程         | 母猪的产后护理              |   100 |
| 20180102 | 杜琦燕    | 计算机科学与工程         | 论萨达姆的战争准备          |    98 |
| 20180103 | 范统      | 软件工程                 | 母猪的产后护理              |    59 |
| 20180103 | 范统      | 软件工程                 | 论萨达姆的战争准备          |    61 |
| 20180104 | 史珍香    | 软件工程                 | 母猪的产后护理              |    55 |
| 20180104 | 史珍香    | 软件工程                 | 论萨达姆的战争准备          |    46 |
| 20180105 | 范剑      | 飞行器设计               | NULL                        |  NULL |
| 20180106 | 朱逸群    | 电子信息                 | NULL                        |  NULL |
+----------+-----------+--------------------------+-----------------------------+-------+
10 rows in set (0.00 sec)

mysql> SELECT * FROM t1 JOIN t2;
+------+------+------+------+
| m1   | n1   | m2   | n2   |
+------+------+------+------+
|    3 | c    |    2 | b    |
|    2 | b    |    2 | b    |
|    1 | a    |    2 | b    |
|    3 | c    |    3 | c    |
|    2 | b    |    3 | c    |
|    1 | a    |    3 | c    |
|    3 | c    |    4 | d    |
|    2 | b    |    4 | d    |
|    1 | a    |    4 | d    |
+------+------+------+------+
9 rows in set (0.00 sec)

mysql> SELECT m1 FROM t1 WHERE m1 < 2 OR m1 > 2;
+------+
| m1   |
+------+
|    1 |
|    3 |
+------+
2 rows in set (0.00 sec)

mysql> SELECT m1 FROM t1 WHERE m1 < 2 UNION SELECT m1 FROM t1 WHERE m1 > 2;
+------+
| m1   |
+------+
|    1 |
|    3 |
+------+
2 rows in set (0.00 sec)

mysql> SELECT m1, n1 FROM t1 WHERE m1 < 2 UNION SELECT m1, n1 FROM t1 WHERE m1 > 2;
+------+------+
| m1   | n1   |
+------+------+
|    1 | a    |
|    3 | c    |
+------+------+
2 rows in set (0.00 sec)

mysql> SELECT m1, n1 FROM t1 WHERE m1 < 2 UNION SELECT m2, n2 FROM t2 WHERE m2 > 2;
+------+------+
| m1   | n1   |
+------+------+
|    1 | a    |
|    3 | c    |
|    4 | d    |
+------+------+
3 rows in set (0.00 sec)

mysql> SELECT m1, n1 FROM t1 UNION SELECT m2, n2 FROM t2;
+------+------+
| m1   | n1   |
+------+------+
|    1 | a    |
|    2 | b    |
|    3 | c    |
|    4 | d    |
+------+------+
4 rows in set (0.00 sec)

mysql> SELECT m1, n1 FROM t1 UNION ALL SELECT m2, n2 FROM t2;
+------+------+
| m1   | n1   |
+------+------+
|    1 | a    |
|    2 | b    |
|    3 | c    |
|    2 | b    |
|    3 | c    |
|    4 | d    |
+------+------+
6 rows in set (0.00 sec)

mysql> (SELECT m1, n1 FROM t1) UNION (SELECT m2, n2 FROM t2) ORDER BY m1 DESC LIMIT 2;
+------+------+
| m1   | n1   |
+------+------+
|    4 | d    |
|    3 | c    |
+------+------+
2 rows in set (0.00 sec)
