mysql> use test;
Reading table information for completion of table and column names
You can turn off this feature to get a quicker startup with -A

Database changed
mysql> select number,name,id_number,major from student_info where name='范剑';
+----------+--------+--------------------+-----------------+
| number   | name   | id_number          | major           |
+----------+--------+--------------------+-----------------+
| 20180105 | 范剑   | 181048199308156368 | 飞行器设计      |
+----------+--------+--------------------+-----------------+
1 row in set (0.00 sec)

mysql> select number,name,id_number,major from student_info where number between 20180102 and 20180104;
+----------+-----------+--------------------+--------------------------+
| number   | name      | id_number          | major                    |
+----------+-----------+--------------------+--------------------------+
| 20180102 | 杜琦燕    | 151008199801178529 | 计算机科学与工程         |
| 20180103 | 范统      | 17156319980116959X | 软件工程                 |
| 20180104 | 史珍香    | 141992199701078600 | 软件工程                 |
+----------+-----------+--------------------+--------------------------+
3 rows in set (0.00 sec)

mysql> select number,name,id_number,major from student_info where number not between 20180102 and 20180104;
+----------+-----------+--------------------+--------------------------+
| number   | name      | id_number          | major                    |
+----------+-----------+--------------------+--------------------------+
| 20180101 | 杜子腾    | 158177199901044792 | 计算机科学与工程         |
| 20180105 | 范剑      | 181048199308156368 | 飞行器设计               |
| 20180106 | 朱逸群    | 197995199501078445 | 电子信息                 |
+----------+-----------+--------------------+--------------------------+
3 rows in set (0.00 sec)

mysql> select number,name,id_number,major from student_info where major in ('软件工程','飞行器设计');
+----------+-----------+--------------------+-----------------+
| number   | name      | id_number          | major           |
+----------+-----------+--------------------+-----------------+
| 20180103 | 范统      | 17156319980116959X | 软件工程        |
| 20180104 | 史珍香    | 141992199701078600 | 软件工程        |
| 20180105 | 范剑      | 181048199308156368 | 飞行器设计      |
+----------+-----------+--------------------+-----------------+
3 rows in set (0.00 sec)

mysql> select number,name,id_number,major from student_info where major not in ('软件工程','飞行器设计');
+----------+-----------+--------------------+--------------------------+
| number   | name      | id_number          | major                    |
+----------+-----------+--------------------+--------------------------+
| 20180101 | 杜子腾    | 158177199901044792 | 计算机科学与工程         |
| 20180102 | 杜琦燕    | 151008199801178529 | 计算机科学与工程         |
| 20180106 | 朱逸群    | 197995199501078445 | 电子信息                 |
+----------+-----------+--------------------+--------------------------+
3 rows in set (0.00 sec)

mysql> select number,name,id_number,major from student_info where name is not null;
+----------+-----------+--------------------+--------------------------+
| number   | name      | id_number          | major                    |
+----------+-----------+--------------------+--------------------------+
| 20180101 | 杜子腾    | 158177199901044792 | 计算机科学与工程         |
| 20180102 | 杜琦燕    | 151008199801178529 | 计算机科学与工程         |
| 20180103 | 范统      | 17156319980116959X | 软件工程                 |
| 20180104 | 史珍香    | 141992199701078600 | 软件工程                 |
| 20180105 | 范剑      | 181048199308156368 | 飞行器设计               |
| 20180106 | 朱逸群    | 197995199501078445 | 电子信息                 |
+----------+-----------+--------------------+--------------------------+
6 rows in set (0.00 sec)

mysql> select * from student_score where subject='母猪的产后护理' and score>75;
+----------+-----------------------+-------+
| number   | subject               | score |
+----------+-----------------------+-------+
| 20180101 | 母猪的产后护理        |    78 |
| 20180102 | 母猪的产后护理        |   100 |
+----------+-----------------------+-------+
2 rows in set (0.00 sec)

mysql> select * from student_score where score>95 or score<55;
+----------+-----------------------------+-------+
| number   | subject                     | score |
+----------+-----------------------------+-------+
| 20180102 | 母猪的产后护理              |   100 |
| 20180102 | 论萨达姆的战争准备          |    98 |
| 20180104 | 论萨达姆的战争准备          |    46 |
+----------+-----------------------------+-------+
3 rows in set (0.01 sec)

mysql> select * from student_score where (score>95 or score<55) and subject='论萨达姆的战争准备';
+----------+-----------------------------+-------+
| number   | subject                     | score |
+----------+-----------------------------+-------+
| 20180102 | 论萨达姆的战争准备          |    98 |
| 20180104 | 论萨达姆的战争准备          |    46 |
+----------+-----------------------------+-------+
2 rows in set (0.00 sec)

mysql> select number,name,id_number,major from student_info where name like '杜%';
+----------+-----------+--------------------+--------------------------+
| number   | name      | id_number          | major                    |
+----------+-----------+--------------------+--------------------------+
| 20180101 | 杜子腾    | 158177199901044792 | 计算机科学与工程         |
| 20180102 | 杜琦燕    | 151008199801178529 | 计算机科学与工程         |
+----------+-----------+--------------------+--------------------------+
2 rows in set (0.00 sec)

mysql> select number,name,id_number,major from student_info where name like '%香%';
+----------+-----------+--------------------+--------------+
| number   | name      | id_number          | major        |
+----------+-----------+--------------------+--------------+
| 20180104 | 史珍香    | 141992199701078600 | 软件工程     |
+----------+-----------+--------------------+--------------+
1 row in set (0.00 sec)

mysql> select number,name,id_number,major from student_info where name like '范_';
+----------+--------+--------------------+-----------------+
| number   | name   | id_number          | major           |
+----------+--------+--------------------+-----------------+
| 20180103 | 范统   | 17156319980116959X | 软件工程        |
| 20180105 | 范剑   | 181048199308156368 | 飞行器设计      |
+----------+--------+--------------------+-----------------+
2 rows in set (0.00 sec)
